{
  "hash": "af8ab27d",
  "configHash": "6412c00a",
  "lockfileHash": "f14c81b7",
  "browserHash": "4bd7f3b2",
  "optimized": {
    "@angular/common/http": {
      "src": "../../../../../node_modules/@angular/common/fesm2022/http.mjs",
      "file": "@angular_common_http.js",
      "fileHash": "3cdec85a",
      "needsInterop": false
    },
    "@angular/core": {
      "src": "../../../../../node_modules/@angular/core/fesm2022/core.mjs",
      "file": "@angular_core.js",
      "fileHash": "d01ec1b6",
      "needsInterop": false
    },
    "@angular/platform-browser": {
      "src": "../../../../../node_modules/@angular/platform-browser/fesm2022/platform-browser.mjs",
      "file": "@angular_platform-browser.js",
      "fileHash": "121cd1e2",
      "needsInterop": false
    },
    "@angular/router": {
      "src": "../../../../../node_modules/@angular/router/fesm2022/router.mjs",
      "file": "@angular_router.js",
      "fileHash": "ac77ae08",
      "needsInterop": false
    },
    "@angular/forms": {
      "src": "../../../../../node_modules/@angular/forms/fesm2022/forms.mjs",
      "file": "@angular_forms.js",
      "fileHash": "59e24f90",
      "needsInterop": false
    },
    "@angular/common": {
      "src": "../../../../../node_modules/@angular/common/fesm2022/common.mjs",
      "file": "@angular_common.js",
      "fileHash": "4ad4cd50",
      "needsInterop": false
    }
  },
  "chunks": {
    "chunk-UHHVTA4Y": {
      "file": "chunk-UHHVTA4Y.js"
    },
    "chunk-2M55P2PR": {
      "file": "chunk-2M55P2PR.js"
    },
    "chunk-A6ZBE6ZR": {
      "file": "chunk-A6ZBE6ZR.js"
    },
    "chunk-ORNJK7UO": {
      "file": "chunk-ORNJK7UO.js"
    }
  }
}